[{"model": "RadioActiv8.session", "pk": 1, "fields": {"name": "DEFAULT SESSION", "start_time": "2023-06-02T02:50:45.235Z", "end_time": "2023-06-02T02:50:45.235Z", "home_base": null}}, {"model": "RadioActiv8.location", "pk": 1, "fields": {"gps_location": "SRID=4326;POINT (144.6376 -36.49197)", "session": []}}, {"model": "RadioActiv8.location", "pk": 2, "fields": {"gps_location": "SRID=4326;POINT (144.6376 -36.49197)", "session": []}}, {"model": "RadioActiv8.location", "pk": 3, "fields": {"gps_location": "SRID=4326;POINT (144.6376 -36.49197)", "session": []}}, {"model": "RadioActiv8.location", "pk": 4, "fields": {"gps_location": "SRID=4326;POINT (144.6376 -36.49197)", "session": []}}, {"model": "RadioActiv8.location", "pk": 5, "fields": {"gps_location": "SRID=4326;POINT (144.6376 -36.49197)", "session": []}}, {"model": "RadioActiv8.location", "pk": 6, "fields": {"gps_location": "SRID=4326;POINT (144.6376 -36.49197)", "session": []}}, {"model": "RadioActiv8.location", "pk": 7, "fields": {"gps_location": "SRID=4326;POINT (144.6376 -36.49197)", "session": []}}, {"model": "RadioActiv8.location", "pk": 8, "fields": {"gps_location": "SRID=4326;POINT (144.6376 -36.49197)", "session": []}}, {"model": "RadioActiv8.location", "pk": 9, "fields": {"gps_location": "SRID=4326;POINT (144.6376 -36.49197)", "session": []}}, {"model": "RadioActiv8.location", "pk": 10, "fields": {"gps_location": "SRID=4326;POINT (144.6376 -36.49197)", "session": []}}, {"model": "RadioActiv8.location", "pk": 11, "fields": {"gps_location": "SRID=4326;POINT (144.6376 -36.49197)", "session": []}}, {"model": "RadioActiv8.location", "pk": 12, "fields": {"gps_location": "SRID=4326;POINT (144.6376 -36.49197)", "session": []}}, {"model": "RadioActiv8.radio", "pk": 1, "fields": {"name": "Yellow", "description": null, "channel": null}}, {"model": "RadioActiv8.radio", "pk": 2, "fields": {"name": "Red", "description": null, "channel": null}}, {"model": "RadioActiv8.radio", "pk": 3, "fields": {"name": "Green", "description": null, "channel": null}}, {"model": "RadioActiv8.radio", "pk": 4, "fields": {"name": "Blue", "description": null, "channel": null}}, {"model": "RadioActiv8.radio", "pk": 5, "fields": {"name": "Pink", "description": null, "channel": null}}, {"model": "RadioActiv8.radio", "pk": 6, "fields": {"name": "Black", "description": null, "channel": null}}, {"model": "RadioActiv8.radio", "pk": 7, "fields": {"name": "Orange", "description": null, "channel": null}}, {"model": "RadioActiv8.radio", "pk": 8, "fields": {"name": "Purple", "description": null, "channel": null}}, {"model": "RadioActiv8.radio", "pk": 9, "fields": {"name": "Grey", "description": null, "channel": null}}, {"model": "RadioActiv8.radio", "pk": 10, "fields": {"name": "Brown", "description": null, "channel": null}}, {"model": "RadioActiv8.radio", "pk": 11, "fields": {"name": "Aqua", "description": null, "channel": null}}, {"model": "RadioActiv8.radio", "pk": 12, "fields": {"name": "Indigo", "description": null, "channel": null}}, {"model": "RadioActiv8.base", "pk": 11, "fields": {"min_patrols": 0, "max_patrols": 0, "run_time": "00:05:00", "repeatable": true, "attendance_points": 100, "activity_type": "S"}}, {"model": "RadioActiv8.base", "pk": 6, "fields": {"min_patrols": 0, "max_patrols": 0, "run_time": "00:05:00", "repeatable": true, "attendance_points": 100, "activity_type": "S"}}, {"model": "RadioActiv8.base", "pk": 4, "fields": {"min_patrols": 0, "max_patrols": 0, "run_time": "00:05:00", "repeatable": true, "attendance_points": 100, "activity_type": "S"}}, {"model": "RadioActiv8.base", "pk": 10, "fields": {"min_patrols": 0, "max_patrols": 0, "run_time": "00:05:00", "repeatable": true, "attendance_points": 100, "activity_type": "S"}}, {"model": "RadioActiv8.base", "pk": 3, "fields": {"min_patrols": 0, "max_patrols": 0, "run_time": "00:05:00", "repeatable": true, "attendance_points": 100, "activity_type": "S"}}, {"model": "RadioActiv8.base", "pk": 9, "fields": {"min_patrols": 0, "max_patrols": 0, "run_time": "00:05:00", "repeatable": true, "attendance_points": 100, "activity_type": "S"}}, {"model": "RadioActiv8.base", "pk": 12, "fields": {"min_patrols": 0, "max_patrols": 0, "run_time": "00:05:00", "repeatable": true, "attendance_points": 100, "activity_type": "S"}}, {"model": "RadioActiv8.base", "pk": 7, "fields": {"min_patrols": 0, "max_patrols": 0, "run_time": "00:05:00", "repeatable": true, "attendance_points": 100, "activity_type": "S"}}, {"model": "RadioActiv8.base", "pk": 5, "fields": {"min_patrols": 0, "max_patrols": 0, "run_time": "00:05:00", "repeatable": true, "attendance_points": 100, "activity_type": "S"}}, {"model": "RadioActiv8.base", "pk": 8, "fields": {"min_patrols": 0, "max_patrols": 0, "run_time": "00:05:00", "repeatable": true, "attendance_points": 100, "activity_type": "S"}}, {"model": "RadioActiv8.base", "pk": 2, "fields": {"min_patrols": 0, "max_patrols": 0, "run_time": "00:05:00", "repeatable": true, "attendance_points": 100, "activity_type": "S"}}, {"model": "RadioActiv8.base", "pk": 1, "fields": {"min_patrols": 0, "max_patrols": 0, "run_time": "00:05:00", "repeatable": true, "attendance_points": 100, "activity_type": "S"}}, {"model": "RadioActiv8.patrol", "pk": 1, "fields": {"name": "Maverick", "current_base": null, "attendance_points": 0, "completion_points": 0, "bonus_points": 0, "gps_tracker": null, "session": []}}, {"model": "RadioActiv8.patrol", "pk": 2, "fields": {"name": "Goose", "current_base": null, "attendance_points": 0, "completion_points": 0, "bonus_points": 0, "gps_tracker": null, "session": []}}, {"model": "RadioActiv8.patrol", "pk": 3, "fields": {"name": "Iceman", "current_base": null, "attendance_points": 0, "completion_points": 0, "bonus_points": 0, "gps_tracker": null, "session": []}}, {"model": "RadioActiv8.patrol", "pk": 4, "fields": {"name": "Viper", "current_base": null, "attendance_points": 0, "completion_points": 0, "bonus_points": 0, "gps_tracker": null, "session": []}}, {"model": "RadioActiv8.intelligence", "pk": 1, "fields": {"base": 1, "question": "A", "answer": "Moira", "completion_points": 200}}, {"model": "RadioActiv8.intelligence", "pk": 2, "fields": {"base": 1, "question": "B", "answer": "Barry's Reef", "completion_points": 200}}, {"model": "RadioActiv8.intelligence", "pk": 3, "fields": {"base": 1, "question": "C", "answer": "Pax Hill", "completion_points": 200}}, {"model": "RadioActiv8.intelligence", "pk": 4, "fields": {"base": 1, "question": "D", "answer": "Mafeking", "completion_points": 200}}, {"model": "RadioActiv8.intelligence", "pk": 5, "fields": {"base": 1, "question": "E", "answer": "Bermingham", "completion_points": 200}}, {"model": "RadioActiv8.intelligence", "pk": 6, "fields": {"base": 1, "question": "F", "answer": "Eumeralla", "completion_points": 200}}, {"model": "RadioActiv8.intelligence", "pk": 7, "fields": {"base": 2, "question": "A", "answer": "Brucknell", "completion_points": 200}}, {"model": "RadioActiv8.intelligence", "pk": 8, "fields": {"base": 2, "question": "B", "answer": "Noonameena", "completion_points": 200}}, {"model": "RadioActiv8.intelligence", "pk": 9, "fields": {"base": 2, "question": "C", "answer": "Gilwell", "completion_points": 200}}, {"model": "RadioActiv8.intelligence", "pk": 10, "fields": {"base": 2, "question": "D", "answer": "Treetops", "completion_points": 200}}, {"model": "RadioActiv8.intelligence", "pk": 11, "fields": {"base": 2, "question": "E", "answer": "Lake Fyans", "completion_points": 200}}, {"model": "RadioActiv8.intelligence", "pk": 12, "fields": {"base": 2, "question": "F", "answer": "Rowallan", "completion_points": 200}}, {"model": "RadioActiv8.intelligence", "pk": 13, "fields": {"base": 3, "question": "A", "answer": "Cresco", "completion_points": 200}}, {"model": "RadioActiv8.intelligence", "pk": 14, "fields": {"base": 3, "question": "B", "answer": "Mataranka", "completion_points": 200}}, {"model": "RadioActiv8.intelligence", "pk": 15, "fields": {"base": 3, "question": "C", "answer": "Camp Niall", "completion_points": 200}}, {"model": "RadioActiv8.intelligence", "pk": 16, "fields": {"base": 3, "question": "D", "answer": "WF Waters Lodge", "completion_points": 200}}, {"model": "RadioActiv8.intelligence", "pk": 17, "fields": {"base": 3, "question": "E", "answer": "Warburton", "completion_points": 200}}, {"model": "RadioActiv8.intelligence", "pk": 18, "fields": {"base": 3, "question": "F", "answer": "Lake Eppalock", "completion_points": 200}}, {"model": "RadioActiv8.intelligence", "pk": 19, "fields": {"base": 4, "question": "A", "answer": "Clifford Park", "completion_points": 200}}, {"model": "RadioActiv8.intelligence", "pk": 20, "fields": {"base": 4, "question": "B", "answer": "Gunbower Island", "completion_points": 200}}, {"model": "RadioActiv8.intelligence", "pk": 21, "fields": {"base": 4, "question": "C", "answer": "Bay Park", "completion_points": 200}}, {"model": "RadioActiv8.intelligence", "pk": 22, "fields": {"base": 4, "question": "D", "answer": "Mallangeeba", "completion_points": 200}}, {"model": "RadioActiv8.intelligence", "pk": 23, "fields": {"base": 4, "question": "E", "answer": "Alpine Adventure Centre", "completion_points": 200}}, {"model": "RadioActiv8.intelligence", "pk": 24, "fields": {"base": 4, "question": "F", "answer": "Cooinda-Burrong", "completion_points": 200}}, {"model": "RadioActiv8.intelligence", "pk": 25, "fields": {"base": 5, "question": "A", "answer": "Patanga", "completion_points": 200}}, {"model": "RadioActiv8.intelligence", "pk": 26, "fields": {"base": 5, "question": "B", "answer": "Koolamurt", "completion_points": 200}}, {"model": "RadioActiv8.intelligence", "pk": 27, "fields": {"base": 5, "question": "C", "answer": "Dallas Brooks", "completion_points": 200}}, {"model": "RadioActiv8.intelligence", "pk": 28, "fields": {"base": 5, "question": "D", "answer": "Caringal", "completion_points": 200}}, {"model": "RadioActiv8.intelligence", "pk": 29, "fields": {"base": 5, "question": "E", "answer": "Warringal", "completion_points": 200}}, {"model": "RadioActiv8.intelligence", "pk": 30, "fields": {"base": 5, "question": "F", "answer": "Heany Park", "completion_points": 200}}, {"model": "RadioActiv8.intelligence", "pk": 31, "fields": {"base": 6, "question": "A", "answer": "Melbourne", "completion_points": 200}}, {"model": "RadioActiv8.intelligence", "pk": 32, "fields": {"base": 6, "question": "B", "answer": "Mt Dandenong", "completion_points": 200}}, {"model": "RadioActiv8.intelligence", "pk": 33, "fields": {"base": 6, "question": "C", "answer": "Plenty Valley", "completion_points": 200}}, {"model": "RadioActiv8.intelligence", "pk": 34, "fields": {"base": 6, "question": "D", "answer": "Lerderderg", "completion_points": 200}}, {"model": "RadioActiv8.intelligence", "pk": 35, "fields": {"base": 6, "question": "E", "answer": "Bays", "completion_points": 200}}, {"model": "RadioActiv8.intelligence", "pk": 36, "fields": {"base": 6, "question": "F", "answer": "Gippsland", "completion_points": 200}}, {"model": "RadioActiv8.intelligence", "pk": 37, "fields": {"base": 7, "question": "A", "answer": "BAYWAC", "completion_points": 200}}, {"model": "RadioActiv8.intelligence", "pk": 38, "fields": {"base": 7, "question": "B", "answer": "Captain Hurley Rover Hut", "completion_points": 200}}, {"model": "RadioActiv8.intelligence", "pk": 39, "fields": {"base": 7, "question": "C", "answer": "GWS Anderson", "completion_points": 200}}, {"model": "RadioActiv8.intelligence", "pk": 40, "fields": {"base": 7, "question": "D", "answer": "Clive Disher Park", "completion_points": 200}}, {"model": "RadioActiv8.intelligence", "pk": 41, "fields": {"base": 7, "question": "E", "answer": "Harkaway", "completion_points": 200}}, {"model": "RadioActiv8.intelligence", "pk": 42, "fields": {"base": 7, "question": "F", "answer": "Connan Park", "completion_points": 200}}, {"model": "RadioActiv8.intelligence", "pk": 43, "fields": {"base": 8, "question": "A", "answer": "Northern Rivers", "completion_points": 200}}, {"model": "RadioActiv8.intelligence", "pk": 44, "fields": {"base": 8, "question": "B", "answer": "Wimmera", "completion_points": 200}}, {"model": "RadioActiv8.intelligence", "pk": 45, "fields": {"base": 8, "question": "C", "answer": "Ballarat", "completion_points": 200}}, {"model": "RadioActiv8.intelligence", "pk": 46, "fields": {"base": 8, "question": "D", "answer": "Glenelg River", "completion_points": 200}}, {"model": "RadioActiv8.intelligence", "pk": 47, "fields": {"base": 8, "question": "E", "answer": "Otway Plains", "completion_points": 200}}, {"model": "RadioActiv8.intelligence", "pk": 48, "fields": {"base": 8, "question": "F", "answer": "Barwon", "completion_points": 200}}, {"model": "RadioActiv8.intelligence", "pk": 49, "fields": {"base": 9, "question": "A", "answer": "Geelong", "completion_points": 200}}, {"model": "RadioActiv8.intelligence", "pk": 50, "fields": {"base": 9, "question": "B", "answer": "West Coast", "completion_points": 200}}, {"model": "RadioActiv8.intelligence", "pk": 51, "fields": {"base": 9, "question": "C", "answer": "Western", "completion_points": 200}}, {"model": "RadioActiv8.intelligence", "pk": 52, "fields": {"base": 9, "question": "D", "answer": "Loddon-Mallee", "completion_points": 200}}, {"model": "RadioActiv8.intelligence", "pk": 53, "fields": {"base": 9, "question": "E", "answer": "Northern", "completion_points": 200}}, {"model": "RadioActiv8.intelligence", "pk": 54, "fields": {"base": 9, "question": "F", "answer": "Sunraysia", "completion_points": 200}}, {"model": "RadioActiv8.intelligence", "pk": 55, "fields": {"base": 10, "question": "A", "answer": "Bendigo", "completion_points": 200}}, {"model": "RadioActiv8.intelligence", "pk": 56, "fields": {"base": 10, "question": "B", "answer": "Alpine Gateway", "completion_points": 200}}, {"model": "RadioActiv8.intelligence", "pk": 57, "fields": {"base": 10, "question": "C", "answer": "Goulburn Murray", "completion_points": 200}}, {"model": "RadioActiv8.intelligence", "pk": 58, "fields": {"base": 10, "question": "D", "answer": "River Gums", "completion_points": 200}}, {"model": "RadioActiv8.intelligence", "pk": 59, "fields": {"base": 10, "question": "E", "answer": "Upper Murray", "completion_points": 200}}, {"model": "RadioActiv8.intelligence", "pk": 60, "fields": {"base": 10, "question": "F", "answer": "South Gippsland", "completion_points": 200}}, {"model": "RadioActiv8.intelligence", "pk": 61, "fields": {"base": 11, "question": "A", "answer": "South Western", "completion_points": 200}}, {"model": "RadioActiv8.intelligence", "pk": 62, "fields": {"base": 11, "question": "B", "answer": "Frankston", "completion_points": 200}}, {"model": "RadioActiv8.intelligence", "pk": 63, "fields": {"base": 11, "question": "C", "answer": "Geelong Rivers", "completion_points": 200}}, {"model": "RadioActiv8.intelligence", "pk": 64, "fields": {"base": 11, "question": "D", "answer": "East Gippsland", "completion_points": 200}}, {"model": "RadioActiv8.intelligence", "pk": 65, "fields": {"base": 11, "question": "E", "answer": "Mt Baw Baw", "completion_points": 200}}, {"model": "RadioActiv8.intelligence", "pk": 66, "fields": {"base": 11, "question": "F", "answer": "Strzelecki", "completion_points": 200}}, {"model": "RadioActiv8.intelligence", "pk": 67, "fields": {"base": 12, "question": "A", "answer": "Wellington", "completion_points": 200}}, {"model": "RadioActiv8.intelligence", "pk": 68, "fields": {"base": 12, "question": "B", "answer": "Kingston", "completion_points": 200}}, {"model": "RadioActiv8.intelligence", "pk": 69, "fields": {"base": 12, "question": "C", "answer": "Emu", "completion_points": 200}}, {"model": "RadioActiv8.intelligence", "pk": 70, "fields": {"base": 12, "question": "D", "answer": "Geelong Peninsula", "completion_points": 200}}, {"model": "RadioActiv8.intelligence", "pk": 71, "fields": {"base": 12, "question": "E", "answer": "Cardinia", "completion_points": 200}}, {"model": "RadioActiv8.intelligence", "pk": 72, "fields": {"base": 12, "question": "F", "answer": "Casey", "completion_points": 200}}]