[{"model": "RadioActiv8.base", "pk": 12, "fields": {"min_patrols": null, "max_patrols": null, "run_time": "00:05:00", "repeatable": true, "attendance_points": 100, "activity_type": "R"}}, {"model": "RadioActiv8.base", "pk": 1, "fields": {"min_patrols": null, "max_patrols": null, "run_time": "00:05:00", "repeatable": true, "attendance_points": 100, "activity_type": "R"}}, {"model": "RadioActiv8.base", "pk": 2, "fields": {"min_patrols": null, "max_patrols": null, "run_time": "00:05:00", "repeatable": true, "attendance_points": 100, "activity_type": "R"}}, {"model": "RadioActiv8.base", "pk": 3, "fields": {"min_patrols": null, "max_patrols": null, "run_time": "00:05:00", "repeatable": true, "attendance_points": 100, "activity_type": "R"}}, {"model": "RadioActiv8.base", "pk": 4, "fields": {"min_patrols": null, "max_patrols": null, "run_time": "00:05:00", "repeatable": true, "attendance_points": 100, "activity_type": "R"}}, {"model": "RadioActiv8.base", "pk": 5, "fields": {"min_patrols": null, "max_patrols": null, "run_time": "00:05:00", "repeatable": true, "attendance_points": 100, "activity_type": "R"}}, {"model": "RadioActiv8.base", "pk": 13, "fields": {"min_patrols": null, "max_patrols": null, "run_time": "00:05:00", "repeatable": true, "attendance_points": 100, "activity_type": "R"}}, {"model": "RadioActiv8.base", "pk": 11, "fields": {"min_patrols": null, "max_patrols": null, "run_time": "00:05:00", "repeatable": true, "attendance_points": 100, "activity_type": "F"}}, {"model": "RadioActiv8.base", "pk": 6, "fields": {"min_patrols": null, "max_patrols": null, "run_time": "00:05:00", "repeatable": true, "attendance_points": 100, "activity_type": "R"}}, {"model": "RadioActiv8.base", "pk": 7, "fields": {"min_patrols": null, "max_patrols": null, "run_time": "00:05:00", "repeatable": true, "attendance_points": 100, "activity_type": "R"}}, {"model": "RadioActiv8.base", "pk": 8, "fields": {"min_patrols": null, "max_patrols": null, "run_time": "00:05:00", "repeatable": true, "attendance_points": 100, "activity_type": "R"}}, {"model": "RadioActiv8.base", "pk": 9, "fields": {"min_patrols": null, "max_patrols": null, "run_time": "00:05:00", "repeatable": true, "attendance_points": 100, "activity_type": "R"}}, {"model": "RadioActiv8.base", "pk": 10, "fields": {"min_patrols": null, "max_patrols": null, "run_time": "00:05:00", "repeatable": true, "attendance_points": 100, "activity_type": "R"}}, {"model": "RadioActiv8.intelligence", "pk": 1, "fields": {"base": 12, "question": "Aqua - A", "answer": "South Western", "completion_points": 200}}, {"model": "RadioActiv8.intelligence", "pk": 2, "fields": {"base": 12, "question": "Aqua - B", "answer": "Frankston", "completion_points": 200}}, {"model": "RadioActiv8.intelligence", "pk": 3, "fields": {"base": 12, "question": "Aqua - C", "answer": "Geelong Rivers", "completion_points": 200}}, {"model": "RadioActiv8.intelligence", "pk": 4, "fields": {"base": 12, "question": "Aqua - D", "answer": "East Gippsland", "completion_points": 200}}, {"model": "RadioActiv8.intelligence", "pk": 5, "fields": {"base": 12, "question": "Aqua - E", "answer": "Mt Baw Baw", "completion_points": 200}}, {"model": "RadioActiv8.intelligence", "pk": 6, "fields": {"base": 12, "question": "Aqua - F", "answer": "Strezlecki", "completion_points": 200}}, {"model": "RadioActiv8.intelligence", "pk": 7, "fields": {"base": 1, "question": "Black - A", "answer": "Melbourne", "completion_points": 200}}, {"model": "RadioActiv8.intelligence", "pk": 8, "fields": {"base": 1, "question": "Black - B", "answer": "Mt Dandenong", "completion_points": 200}}, {"model": "RadioActiv8.intelligence", "pk": 9, "fields": {"base": 1, "question": "Black - C", "answer": "Plenty Valley", "completion_points": 200}}, {"model": "RadioActiv8.intelligence", "pk": 10, "fields": {"base": 1, "question": "Black - D", "answer": "Lerderderg", "completion_points": 200}}, {"model": "RadioActiv8.intelligence", "pk": 11, "fields": {"base": 1, "question": "Black - E", "answer": "Bays", "completion_points": 200}}, {"model": "RadioActiv8.intelligence", "pk": 12, "fields": {"base": 1, "question": "Black - F", "answer": "Gippsland", "completion_points": 200}}, {"model": "RadioActiv8.intelligence", "pk": 13, "fields": {"base": 2, "question": "Blue - A", "answer": "Clifford Park", "completion_points": 200}}, {"model": "RadioActiv8.intelligence", "pk": 14, "fields": {"base": 2, "question": "Blue - B", "answer": "Gunbower Island", "completion_points": 200}}, {"model": "RadioActiv8.intelligence", "pk": 15, "fields": {"base": 2, "question": "Blue - C", "answer": "Bay Park", "completion_points": 200}}, {"model": "RadioActiv8.intelligence", "pk": 16, "fields": {"base": 2, "question": "Blue - D", "answer": "Mallangeeba", "completion_points": 200}}, {"model": "RadioActiv8.intelligence", "pk": 17, "fields": {"base": 2, "question": "Blue - E", "answer": "Alpine Adventure Centre", "completion_points": 200}}, {"model": "RadioActiv8.intelligence", "pk": 18, "fields": {"base": 2, "question": "Blue - F", "answer": "Cooinda-Burrong", "completion_points": 200}}, {"model": "RadioActiv8.intelligence", "pk": 19, "fields": {"base": 3, "question": "Brown - A", "answer": "Bendigo", "completion_points": 200}}, {"model": "RadioActiv8.intelligence", "pk": 20, "fields": {"base": 3, "question": "Brown - B", "answer": "Alpine Gateway", "completion_points": 200}}, {"model": "RadioActiv8.intelligence", "pk": 21, "fields": {"base": 3, "question": "Brown - C", "answer": "Goulburn Murray", "completion_points": 200}}, {"model": "RadioActiv8.intelligence", "pk": 22, "fields": {"base": 3, "question": "Brown - D", "answer": "River Gums", "completion_points": 200}}, {"model": "RadioActiv8.intelligence", "pk": 23, "fields": {"base": 3, "question": "Brown - E", "answer": "Upper Murray", "completion_points": 200}}, {"model": "RadioActiv8.intelligence", "pk": 24, "fields": {"base": 3, "question": "Brown - F", "answer": "South Gippsland", "completion_points": 200}}, {"model": "RadioActiv8.intelligence", "pk": 25, "fields": {"base": 4, "question": "Green - A", "answer": "Cresco", "completion_points": 200}}, {"model": "RadioActiv8.intelligence", "pk": 26, "fields": {"base": 4, "question": "Green - B", "answer": "Mataranka", "completion_points": 200}}, {"model": "RadioActiv8.intelligence", "pk": 27, "fields": {"base": 4, "question": "Green - C", "answer": "Camp Niall", "completion_points": 200}}, {"model": "RadioActiv8.intelligence", "pk": 28, "fields": {"base": 4, "question": "Green - D", "answer": "WF Waters Lodge", "completion_points": 200}}, {"model": "RadioActiv8.intelligence", "pk": 29, "fields": {"base": 4, "question": "Green - E", "answer": "Warburton", "completion_points": 200}}, {"model": "RadioActiv8.intelligence", "pk": 30, "fields": {"base": 4, "question": "Green - F", "answer": "Lake Eppalock", "completion_points": 200}}, {"model": "RadioActiv8.intelligence", "pk": 31, "fields": {"base": 5, "question": "Grey - A", "answer": "Geelong", "completion_points": 200}}, {"model": "RadioActiv8.intelligence", "pk": 32, "fields": {"base": 5, "question": "Grey - B", "answer": "West Coast", "completion_points": 200}}, {"model": "RadioActiv8.intelligence", "pk": 33, "fields": {"base": 5, "question": "Grey - C", "answer": "Western", "completion_points": 200}}, {"model": "RadioActiv8.intelligence", "pk": 34, "fields": {"base": 5, "question": "Grey - D", "answer": "Loddon-Mallee", "completion_points": 200}}, {"model": "RadioActiv8.intelligence", "pk": 35, "fields": {"base": 5, "question": "Grey - E", "answer": "Northern", "completion_points": 200}}, {"model": "RadioActiv8.intelligence", "pk": 36, "fields": {"base": 5, "question": "Grey - F", "answer": "Sunraysia", "completion_points": 200}}, {"model": "RadioActiv8.intelligence", "pk": 37, "fields": {"base": 13, "question": "Indigo - A", "answer": "Wellington", "completion_points": 200}}, {"model": "RadioActiv8.intelligence", "pk": 38, "fields": {"base": 13, "question": "Indigo - B", "answer": "Kingston", "completion_points": 200}}, {"model": "RadioActiv8.intelligence", "pk": 39, "fields": {"base": 13, "question": "Indigo - C", "answer": "Emu", "completion_points": 200}}, {"model": "RadioActiv8.intelligence", "pk": 40, "fields": {"base": 13, "question": "Indigo - D", "answer": "Geelong Peninsula", "completion_points": 200}}, {"model": "RadioActiv8.intelligence", "pk": 41, "fields": {"base": 13, "question": "Indigo - E", "answer": "Cardinia", "completion_points": 200}}, {"model": "RadioActiv8.intelligence", "pk": 42, "fields": {"base": 13, "question": "Indigo - F", "answer": "Casey", "completion_points": 200}}, {"model": "RadioActiv8.intelligence", "pk": 43, "fields": {"base": 6, "question": "Orange - A", "answer": "BAYWAC", "completion_points": 200}}, {"model": "RadioActiv8.intelligence", "pk": 44, "fields": {"base": 6, "question": "Orange - B", "answer": "Capt Hurley Rover Hut", "completion_points": 200}}, {"model": "RadioActiv8.intelligence", "pk": 45, "fields": {"base": 6, "question": "Orange - C", "answer": "GWS Anderson", "completion_points": 200}}, {"model": "RadioActiv8.intelligence", "pk": 46, "fields": {"base": 6, "question": "Orange - D", "answer": "Clive Disher Park", "completion_points": 200}}, {"model": "RadioActiv8.intelligence", "pk": 47, "fields": {"base": 6, "question": "Orange - E", "answer": "Harkaway", "completion_points": 200}}, {"model": "RadioActiv8.intelligence", "pk": 48, "fields": {"base": 6, "question": "Orange - F", "answer": "Connon Park", "completion_points": 200}}, {"model": "RadioActiv8.intelligence", "pk": 49, "fields": {"base": 7, "question": "Pink - A", "answer": "Patanga", "completion_points": 200}}, {"model": "RadioActiv8.intelligence", "pk": 50, "fields": {"base": 7, "question": "Pink - B", "answer": "Koolamurt", "completion_points": 200}}, {"model": "RadioActiv8.intelligence", "pk": 51, "fields": {"base": 7, "question": "Pink - C", "answer": "Dallas Brooks", "completion_points": 200}}, {"model": "RadioActiv8.intelligence", "pk": 52, "fields": {"base": 7, "question": "Pink - D", "answer": "Caringal", "completion_points": 200}}, {"model": "RadioActiv8.intelligence", "pk": 53, "fields": {"base": 7, "question": "Pink - E", "answer": "Warringal", "completion_points": 200}}, {"model": "RadioActiv8.intelligence", "pk": 54, "fields": {"base": 7, "question": "Pink - F", "answer": "Heany Park", "completion_points": 200}}, {"model": "RadioActiv8.intelligence", "pk": 55, "fields": {"base": 8, "question": "Purple - A", "answer": "Northern Rivers", "completion_points": 200}}, {"model": "RadioActiv8.intelligence", "pk": 56, "fields": {"base": 8, "question": "Purple - B", "answer": "Wimmera", "completion_points": 200}}, {"model": "RadioActiv8.intelligence", "pk": 57, "fields": {"base": 8, "question": "Purple - C", "answer": "Ballarat", "completion_points": 200}}, {"model": "RadioActiv8.intelligence", "pk": 58, "fields": {"base": 8, "question": "Purple - D", "answer": "Glenelg River", "completion_points": 200}}, {"model": "RadioActiv8.intelligence", "pk": 59, "fields": {"base": 8, "question": "Purple - E", "answer": "Otway Plains", "completion_points": 200}}, {"model": "RadioActiv8.intelligence", "pk": 60, "fields": {"base": 8, "question": "Purple - F", "answer": "Barwon", "completion_points": 200}}, {"model": "RadioActiv8.intelligence", "pk": 61, "fields": {"base": 9, "question": "Red - A", "answer": "Brucknell", "completion_points": 200}}, {"model": "RadioActiv8.intelligence", "pk": 62, "fields": {"base": 9, "question": "Red - B", "answer": "Noonameena", "completion_points": 200}}, {"model": "RadioActiv8.intelligence", "pk": 63, "fields": {"base": 9, "question": "Red - C", "answer": "Gilwell", "completion_points": 200}}, {"model": "RadioActiv8.intelligence", "pk": 64, "fields": {"base": 9, "question": "Red - D", "answer": "Treetops", "completion_points": 200}}, {"model": "RadioActiv8.intelligence", "pk": 65, "fields": {"base": 9, "question": "Red - E", "answer": "Lake Fyans", "completion_points": 200}}, {"model": "RadioActiv8.intelligence", "pk": 66, "fields": {"base": 9, "question": "Red - F", "answer": "Rowallan", "completion_points": 200}}, {"model": "RadioActiv8.intelligence", "pk": 67, "fields": {"base": 10, "question": "Yellow - A", "answer": "Moira", "completion_points": 200}}, {"model": "RadioActiv8.intelligence", "pk": 68, "fields": {"base": 10, "question": "Yellow - B", "answer": "Barry's Reef", "completion_points": 200}}, {"model": "RadioActiv8.intelligence", "pk": 69, "fields": {"base": 10, "question": "Yellow - C", "answer": "Pax Hill", "completion_points": 200}}, {"model": "RadioActiv8.intelligence", "pk": 70, "fields": {"base": 10, "question": "Yellow - D", "answer": "Mafeking", "completion_points": 200}}, {"model": "RadioActiv8.intelligence", "pk": 71, "fields": {"base": 10, "question": "Yellow - E", "answer": "Bermingham", "completion_points": 200}}, {"model": "RadioActiv8.intelligence", "pk": 72, "fields": {"base": 10, "question": "Yellow - F", "answer": "Eumeralla", "completion_points": 200}}, {"model": "RadioActiv8.location", "pk": 1, "fields": {"gps_location": "SRID=4326;POINT (0 0)", "session": [1]}}, {"model": "RadioActiv8.location", "pk": 2, "fields": {"gps_location": "SRID=4326;POINT (0 0)", "session": [1]}}, {"model": "RadioActiv8.location", "pk": 3, "fields": {"gps_location": "SRID=4326;POINT (0 0)", "session": [1]}}, {"model": "RadioActiv8.location", "pk": 4, "fields": {"gps_location": "SRID=4326;POINT (0 0)", "session": [1]}}, {"model": "RadioActiv8.location", "pk": 5, "fields": {"gps_location": "SRID=4326;POINT (0 0)", "session": [1]}}, {"model": "RadioActiv8.location", "pk": 6, "fields": {"gps_location": "SRID=4326;POINT (0 0)", "session": [1]}}, {"model": "RadioActiv8.location", "pk": 7, "fields": {"gps_location": "SRID=4326;POINT (0 0)", "session": [1]}}, {"model": "RadioActiv8.location", "pk": 8, "fields": {"gps_location": "SRID=4326;POINT (0 0)", "session": [1]}}, {"model": "RadioActiv8.location", "pk": 9, "fields": {"gps_location": "SRID=4326;POINT (0 0)", "session": [1]}}, {"model": "RadioActiv8.location", "pk": 10, "fields": {"gps_location": "SRID=4326;POINT (0 0)", "session": [1]}}, {"model": "RadioActiv8.location", "pk": 11, "fields": {"gps_location": "SRID=4326;POINT (0 0)", "session": [1]}}, {"model": "RadioActiv8.location", "pk": 12, "fields": {"gps_location": "SRID=4326;POINT (0 0)", "session": [1]}}, {"model": "RadioActiv8.location", "pk": 13, "fields": {"gps_location": "SRID=4326;POINT (0 0)", "session": [1]}}, {"model": "RadioActiv8.patrol", "pk": 1, "fields": {"name": "Test", "current_base": 11, "attendance_points": 0, "completion_points": 0, "bonus_points": 0, "gps_tracker": null, "number_of_members": null, "session": [1]}}, {"model": "RadioActiv8.radio", "pk": 1, "fields": {"name": "Black", "description": "Black", "channel": null}}, {"model": "RadioActiv8.radio", "pk": 2, "fields": {"name": "Blue", "description": "Blue", "channel": null}}, {"model": "RadioActiv8.radio", "pk": 3, "fields": {"name": "Brown", "description": "Brown", "channel": null}}, {"model": "RadioActiv8.radio", "pk": 4, "fields": {"name": "Green", "description": "Green", "channel": null}}, {"model": "RadioActiv8.radio", "pk": 5, "fields": {"name": "Grey", "description": "Grey", "channel": null}}, {"model": "RadioActiv8.radio", "pk": 6, "fields": {"name": "Orange", "description": "Orange", "channel": null}}, {"model": "RadioActiv8.radio", "pk": 7, "fields": {"name": "Pink", "description": "Pink", "channel": null}}, {"model": "RadioActiv8.radio", "pk": 8, "fields": {"name": "Purple", "description": "Purple", "channel": null}}, {"model": "RadioActiv8.radio", "pk": 9, "fields": {"name": "Red", "description": "Red", "channel": null}}, {"model": "RadioActiv8.radio", "pk": 10, "fields": {"name": "Yellow", "description": "Yellow", "channel": null}}, {"model": "RadioActiv8.radio", "pk": 11, "fields": {"name": "Ops", "description": "Ops", "channel": null}}, {"model": "RadioActiv8.radio", "pk": 12, "fields": {"name": "Aqua", "description": "Aqua", "channel": null}}, {"model": "RadioActiv8.radio", "pk": 13, "fields": {"name": "Indigo", "description": "Indigo", "channel": null}}, {"model": "RadioActiv8.session", "pk": 1, "fields": {"name": "DEFAULT SESSION", "start_time": "2020-01-01T00:00:00.000Z", "end_time": "2020-01-01T02:00:00.000Z", "home_base": null}}]
